task_id,model_name,seed,coverage_group,included_in_curated_run_eval_archive,rollout_version,batch_dir,batch_index,run_dir,run_results_path,eval_results_path,full_records,test_records,val_score,test_score
attendance_payroll_audit_s2l_extra_high,qwen3-coder-30b-a3b,0,extra_variant_seed_pool,True,gepa_seed0_best,generated/baseline_batches/20260516_attendance_payroll_audit_s2l_qwen_post_gepa_levels_seed0,2,results/attendance_payroll_audit_s2l_extra_high/qwen3-coder-30b-a3b_default/rollouts/gepa_seed0_best_best_config,results/attendance_payroll_audit_s2l_extra_high/qwen3-coder-30b-a3b_default/rollouts/gepa_seed0_best_best_config/run.json,results/attendance_payroll_audit_s2l_extra_high/qwen3-coder-30b-a3b_default/rollouts/gepa_seed0_best_best_config/eval_results.yaml,300,180,0.6822222222222222,0.6951851851851852
attendance_payroll_audit_s2l_extra_high,qwen3-coder-30b-a3b,1,extra_variant_seed_pool,True,gepa_seed1_best,generated/baseline_batches/20260518_post_gepa_from_20260517_high_variant_gepa_optimization,8,results/attendance_payroll_audit_s2l_extra_high/qwen3-coder-30b-a3b_default/rollouts/gepa_seed1_best_best_config,results/attendance_payroll_audit_s2l_extra_high/qwen3-coder-30b-a3b_default/rollouts/gepa_seed1_best_best_config/run.json,results/attendance_payroll_audit_s2l_extra_high/qwen3-coder-30b-a3b_default/rollouts/gepa_seed1_best_best_config/eval_results.yaml,300,180,0.7033333333333334,0.710925925925926
attendance_payroll_audit_s2l_extra_high,qwen3-coder-30b-a3b,2,extra_variant_seed_pool,True,gepa_seed2_best,generated/baseline_batches/20260521_post_gepa_from_20260519_121530,13,results/attendance_payroll_audit_s2l_extra_high/qwen3-coder-30b-a3b_default/rollouts/gepa_seed2_best_best_config,results/attendance_payroll_audit_s2l_extra_high/qwen3-coder-30b-a3b_default/rollouts/gepa_seed2_best_best_config/run.json,results/attendance_payroll_audit_s2l_extra_high/qwen3-coder-30b-a3b_default/rollouts/gepa_seed2_best_best_config/eval_results.yaml,300,180,0.7711111111111111,0.6748148148148149
attendance_payroll_audit_s2l_medium,qwen3-coder-30b-a3b,0,extra_variant_seed_pool,True,gepa_seed0_best,generated/baseline_batches/20260516_attendance_payroll_audit_s2l_qwen_post_gepa_levels_seed0,1,results/attendance_payroll_audit_s2l_medium/qwen3-coder-30b-a3b_default/rollouts/gepa_seed0_best_best_config,results/attendance_payroll_audit_s2l_medium/qwen3-coder-30b-a3b_default/rollouts/gepa_seed0_best_best_config/run.json,results/attendance_payroll_audit_s2l_medium/qwen3-coder-30b-a3b_default/rollouts/gepa_seed0_best_best_config/eval_results.yaml,300,180,1.0,0.9777777777777777
attendance_payroll_audit_s2l_medium,qwen3-coder-30b-a3b,1,extra_variant_seed_pool,True,gepa_seed1_best,generated/baseline_batches/20260518_post_gepa_from_20260517_high_variant_gepa_optimization,4,results/attendance_payroll_audit_s2l_medium/qwen3-coder-30b-a3b_default/rollouts/gepa_seed1_best_best_config,results/attendance_payroll_audit_s2l_medium/qwen3-coder-30b-a3b_default/rollouts/gepa_seed1_best_best_config/run.json,results/attendance_payroll_audit_s2l_medium/qwen3-coder-30b-a3b_default/rollouts/gepa_seed1_best_best_config/eval_results.yaml,300,180,0.7666666666666667,0.8055555555555556
attendance_payroll_audit_s2l_medium,qwen3-coder-30b-a3b,2,extra_variant_seed_pool,True,gepa_seed2_best,generated/baseline_batches/20260521_post_gepa_from_20260519_121530,9,results/attendance_payroll_audit_s2l_medium/qwen3-coder-30b-a3b_default/rollouts/gepa_seed2_best_best_config,results/attendance_payroll_audit_s2l_medium/qwen3-coder-30b-a3b_default/rollouts/gepa_seed2_best_best_config/run.json,results/attendance_payroll_audit_s2l_medium/qwen3-coder-30b-a3b_default/rollouts/gepa_seed2_best_best_config/eval_results.yaml,300,180,0.8833333333333333,0.8833333333333333
budget_approval_s2l_extra_high,qwen3-coder-30b-a3b,0,extra_variant_seed_pool,True,gepa_seed0_best,generated/baseline_batches/20260514_budget_approval_s2l_qwen_post_gepa_diversity_seed0,2,results/budget_approval_s2l_extra_high/qwen3-coder-30b-a3b_default/rollouts/gepa_seed0_best_best_config,results/budget_approval_s2l_extra_high/qwen3-coder-30b-a3b_default/rollouts/gepa_seed0_best_best_config/run.json,results/budget_approval_s2l_extra_high/qwen3-coder-30b-a3b_default/rollouts/gepa_seed0_best_best_config/eval_results.yaml,300,180,0.5437169312169312,0.6615299823633157
budget_approval_s2l_extra_high,qwen3-coder-30b-a3b,1,extra_variant_seed_pool,True,gepa_seed1_best,generated/baseline_batches/20260518_post_gepa_from_20260517_high_variant_gepa_optimization,9,results/budget_approval_s2l_extra_high/qwen3-coder-30b-a3b_default/rollouts/gepa_seed1_best_best_config,results/budget_approval_s2l_extra_high/qwen3-coder-30b-a3b_default/rollouts/gepa_seed1_best_best_config/run.json,results/budget_approval_s2l_extra_high/qwen3-coder-30b-a3b_default/rollouts/gepa_seed1_best_best_config/eval_results.yaml,300,180,0.709126984126984,0.6843474426807761
budget_approval_s2l_extra_high,qwen3-coder-30b-a3b,2,extra_variant_seed_pool,True,gepa_seed2_best,generated/baseline_batches/20260521_post_gepa_from_20260519_121530,14,results/budget_approval_s2l_extra_high/qwen3-coder-30b-a3b_default/rollouts/gepa_seed2_best_best_config,results/budget_approval_s2l_extra_high/qwen3-coder-30b-a3b_default/rollouts/gepa_seed2_best_best_config/run.json,results/budget_approval_s2l_extra_high/qwen3-coder-30b-a3b_default/rollouts/gepa_seed2_best_best_config/eval_results.yaml,300,180,0.6543650793650794,0.5737654320987654
budget_approval_s2l_medium,qwen3-coder-30b-a3b,0,extra_variant_seed_pool,True,gepa_seed0_best,generated/baseline_batches/20260514_budget_approval_s2l_qwen_post_gepa_diversity_seed0,1,results/budget_approval_s2l_medium/qwen3-coder-30b-a3b_default/rollouts/gepa_seed0_best_best_config,results/budget_approval_s2l_medium/qwen3-coder-30b-a3b_default/rollouts/gepa_seed0_best_best_config/run.json,results/budget_approval_s2l_medium/qwen3-coder-30b-a3b_default/rollouts/gepa_seed0_best_best_config/eval_results.yaml,300,180,0.7940476190476191,0.8208333333333333
budget_approval_s2l_medium,qwen3-coder-30b-a3b,1,extra_variant_seed_pool,True,gepa_seed1_best,generated/baseline_batches/20260518_post_gepa_from_20260517_high_variant_gepa_optimization,5,results/budget_approval_s2l_medium/qwen3-coder-30b-a3b_default/rollouts/gepa_seed1_best_best_config,results/budget_approval_s2l_medium/qwen3-coder-30b-a3b_default/rollouts/gepa_seed1_best_best_config/run.json,results/budget_approval_s2l_medium/qwen3-coder-30b-a3b_default/rollouts/gepa_seed1_best_best_config/eval_results.yaml,300,180,0.7095238095238094,0.7156746031746033
budget_approval_s2l_medium,qwen3-coder-30b-a3b,2,extra_variant_seed_pool,True,gepa_seed2_best,generated/baseline_batches/20260521_post_gepa_from_20260519_121530,10,results/budget_approval_s2l_medium/qwen3-coder-30b-a3b_default/rollouts/gepa_seed2_best_best_config,results/budget_approval_s2l_medium/qwen3-coder-30b-a3b_default/rollouts/gepa_seed2_best_best_config/run.json,results/budget_approval_s2l_medium/qwen3-coder-30b-a3b_default/rollouts/gepa_seed2_best_best_config/eval_results.yaml,300,180,0.7946428571428572,0.8031746031746032
attendance_payroll_audit_s2l_high,gemma-4-26b-a4b,0,main_final_seed_pool,True,gepa_seed0_best,generated/baseline_batches/20260518_post_gepa_from_20260517_high_variant_gepa_optimization,0,results/attendance_payroll_audit_s2l_high/gemma-4-26b-a4b_default/rollouts/gepa_seed0_best_best_config,results/attendance_payroll_audit_s2l_high/gemma-4-26b-a4b_default/rollouts/gepa_seed0_best_best_config/run.json,results/attendance_payroll_audit_s2l_high/gemma-4-26b-a4b_default/rollouts/gepa_seed0_best_best_config/eval_results.yaml,300,180,0.95,0.9407407407407408
attendance_payroll_audit_s2l_high,gemma-4-26b-a4b,1,main_final_seed_pool,True,gepa_seed1_best,generated/baseline_batches/20260521_post_gepa_from_20260519_121530,5,results/attendance_payroll_audit_s2l_high/gemma-4-26b-a4b_default/rollouts/gepa_seed1_best_best_config,results/attendance_payroll_audit_s2l_high/gemma-4-26b-a4b_default/rollouts/gepa_seed1_best_best_config/run.json,results/attendance_payroll_audit_s2l_high/gemma-4-26b-a4b_default/rollouts/gepa_seed1_best_best_config/eval_results.yaml,300,180,0.9833333333333333,0.9574074074074075
attendance_payroll_audit_s2l_high,gemma-4-26b-a4b,2,main_final_seed_pool,True,gepa_seed2_best,generated/baseline_batches/20260521_post_gepa_from_20260519_121530,15,results/attendance_payroll_audit_s2l_high/gemma-4-26b-a4b_default/rollouts/gepa_seed2_best_best_config,results/attendance_payroll_audit_s2l_high/gemma-4-26b-a4b_default/rollouts/gepa_seed2_best_best_config/run.json,results/attendance_payroll_audit_s2l_high/gemma-4-26b-a4b_default/rollouts/gepa_seed2_best_best_config/eval_results.yaml,300,180,0.9333333333333333,0.9092592592592592
attendance_payroll_audit_s2l_high,ministral-3-8b,0,main_final_seed_pool,True,gepa_seed0_best,generated/baseline_batches/20260518_post_gepa_from_20260517_high_variant_gepa_optimization,2,results/attendance_payroll_audit_s2l_high/ministral-3-8b_default/rollouts/gepa_seed0_best_best_config,results/attendance_payroll_audit_s2l_high/ministral-3-8b_default/rollouts/gepa_seed0_best_best_config/run.json,results/attendance_payroll_audit_s2l_high/ministral-3-8b_default/rollouts/gepa_seed0_best_best_config/eval_results.yaml,300,180,0.5444444444444444,0.6148148148148148
attendance_payroll_audit_s2l_high,ministral-3-8b,1,main_final_seed_pool,True,gepa_seed1_best,generated/baseline_batches/20260521_post_gepa_from_20260519_121530,7,results/attendance_payroll_audit_s2l_high/ministral-3-8b_default/rollouts/gepa_seed1_best_best_config,results/attendance_payroll_audit_s2l_high/ministral-3-8b_default/rollouts/gepa_seed1_best_best_config/run.json,results/attendance_payroll_audit_s2l_high/ministral-3-8b_default/rollouts/gepa_seed1_best_best_config/eval_results.yaml,300,180,0.5833333333333334,0.6333333333333333
attendance_payroll_audit_s2l_high,ministral-3-8b,2,main_final_seed_pool,True,gepa_seed2_best,generated/baseline_batches/20260521_post_gepa_from_20260519_121530,17,results/attendance_payroll_audit_s2l_high/ministral-3-8b_default/rollouts/gepa_seed2_best_best_config,results/attendance_payroll_audit_s2l_high/ministral-3-8b_default/rollouts/gepa_seed2_best_best_config/run.json,results/attendance_payroll_audit_s2l_high/ministral-3-8b_default/rollouts/gepa_seed2_best_best_config/eval_results.yaml,300,180,0.3888888888888889,0.4444444444444444
attendance_payroll_audit_s2l_high,qwen3-coder-30b-a3b,0,main_final_seed_pool,True,gepa_seed0_best,generated/baseline_batches/20260516_attendance_payroll_audit_s2l_qwen_post_gepa_levels_seed0,0,results/attendance_payroll_audit_s2l_high/qwen3-coder-30b-a3b_default/rollouts/gepa_seed0_best_best_config,results/attendance_payroll_audit_s2l_high/qwen3-coder-30b-a3b_default/rollouts/gepa_seed0_best_best_config/run.json,results/attendance_payroll_audit_s2l_high/qwen3-coder-30b-a3b_default/rollouts/gepa_seed0_best_best_config/eval_results.yaml,300,180,0.7333333333333333,0.7370370370370369
attendance_payroll_audit_s2l_high,qwen3-coder-30b-a3b,1,main_final_seed_pool,True,gepa_seed1_best,generated/baseline_batches/20260518_post_gepa_from_20260517_high_variant_gepa_optimization,6,results/attendance_payroll_audit_s2l_high/qwen3-coder-30b-a3b_default/rollouts/gepa_seed1_best_best_config,results/attendance_payroll_audit_s2l_high/qwen3-coder-30b-a3b_default/rollouts/gepa_seed1_best_best_config/run.json,results/attendance_payroll_audit_s2l_high/qwen3-coder-30b-a3b_default/rollouts/gepa_seed1_best_best_config/eval_results.yaml,300,180,0.7277777777777777,0.7333333333333333
attendance_payroll_audit_s2l_high,qwen3-coder-30b-a3b,2,main_final_seed_pool,True,gepa_seed2_best,generated/baseline_batches/20260521_post_gepa_from_20260519_121530,11,results/attendance_payroll_audit_s2l_high/qwen3-coder-30b-a3b_default/rollouts/gepa_seed2_best_best_config,results/attendance_payroll_audit_s2l_high/qwen3-coder-30b-a3b_default/rollouts/gepa_seed2_best_best_config/run.json,results/attendance_payroll_audit_s2l_high/qwen3-coder-30b-a3b_default/rollouts/gepa_seed2_best_best_config/eval_results.yaml,300,180,0.7166666666666667,0.7592592592592592
budget_approval_s2l_high,gemma-4-26b-a4b,0,main_final_seed_pool,True,gepa_seed0_best,generated/baseline_batches/20260518_post_gepa_from_20260517_high_variant_gepa_optimization,1,results/budget_approval_s2l_high/gemma-4-26b-a4b_default/rollouts/gepa_seed0_best_best_config,results/budget_approval_s2l_high/gemma-4-26b-a4b_default/rollouts/gepa_seed0_best_best_config/run.json,results/budget_approval_s2l_high/gemma-4-26b-a4b_default/rollouts/gepa_seed0_best_best_config/eval_results.yaml,300,180,0.9666666666666667,0.9831349206349207
budget_approval_s2l_high,gemma-4-26b-a4b,1,main_final_seed_pool,True,gepa_seed1_best,generated/baseline_batches/20260521_post_gepa_from_20260519_121530,6,results/budget_approval_s2l_high/gemma-4-26b-a4b_default/rollouts/gepa_seed1_best_best_config,results/budget_approval_s2l_high/gemma-4-26b-a4b_default/rollouts/gepa_seed1_best_best_config/run.json,results/budget_approval_s2l_high/gemma-4-26b-a4b_default/rollouts/gepa_seed1_best_best_config/eval_results.yaml,300,180,0.8575396825396825,0.9033730158730159
budget_approval_s2l_high,gemma-4-26b-a4b,2,main_final_seed_pool,True,gepa_seed2_best,generated/baseline_batches/20260521_post_gepa_from_20260519_121530,16,results/budget_approval_s2l_high/gemma-4-26b-a4b_default/rollouts/gepa_seed2_best_best_config,results/budget_approval_s2l_high/gemma-4-26b-a4b_default/rollouts/gepa_seed2_best_best_config/run.json,results/budget_approval_s2l_high/gemma-4-26b-a4b_default/rollouts/gepa_seed2_best_best_config/eval_results.yaml,300,180,0.9535714285714286,0.9345238095238095
budget_approval_s2l_high,ministral-3-8b,0,main_final_seed_pool,True,gepa_seed0_best,generated/baseline_batches/20260518_post_gepa_from_20260517_high_variant_gepa_optimization,3,results/budget_approval_s2l_high/ministral-3-8b_default/rollouts/gepa_seed0_best_best_config,results/budget_approval_s2l_high/ministral-3-8b_default/rollouts/gepa_seed0_best_best_config/run.json,results/budget_approval_s2l_high/ministral-3-8b_default/rollouts/gepa_seed0_best_best_config/eval_results.yaml,300,180,0.5734126984126984,0.5371693121693122
budget_approval_s2l_high,ministral-3-8b,1,main_final_seed_pool,True,gepa_seed1_best,generated/baseline_batches/20260521_post_gepa_from_20260519_121530,8,results/budget_approval_s2l_high/ministral-3-8b_default/rollouts/gepa_seed1_best_best_config,results/budget_approval_s2l_high/ministral-3-8b_default/rollouts/gepa_seed1_best_best_config/run.json,results/budget_approval_s2l_high/ministral-3-8b_default/rollouts/gepa_seed1_best_best_config/eval_results.yaml,300,180,0.5442460317460317,0.6333994708994709
budget_approval_s2l_high,ministral-3-8b,2,main_final_seed_pool,True,gepa_seed2_best,generated/baseline_batches/20260521_post_gepa_from_20260519_121530,18,results/budget_approval_s2l_high/ministral-3-8b_default/rollouts/gepa_seed2_best_best_config,results/budget_approval_s2l_high/ministral-3-8b_default/rollouts/gepa_seed2_best_best_config/run.json,results/budget_approval_s2l_high/ministral-3-8b_default/rollouts/gepa_seed2_best_best_config/eval_results.yaml,300,180,0.4829365079365079,0.5185185185185185
budget_approval_s2l_high,qwen3-coder-30b-a3b,0,main_final_seed_pool,True,gepa_seed0_best,generated/baseline_batches/20260514_budget_approval_s2l_qwen_post_gepa_diversity_seed0,0,results/budget_approval_s2l_high/qwen3-coder-30b-a3b_default/rollouts/gepa_seed0_best_best_config,results/budget_approval_s2l_high/qwen3-coder-30b-a3b_default/rollouts/gepa_seed0_best_best_config/run.json,results/budget_approval_s2l_high/qwen3-coder-30b-a3b_default/rollouts/gepa_seed0_best_best_config/eval_results.yaml,300,180,0.8301587301587302,0.7930555555555555
budget_approval_s2l_high,qwen3-coder-30b-a3b,1,main_final_seed_pool,True,gepa_seed1_best,generated/baseline_batches/20260518_post_gepa_from_20260517_high_variant_gepa_optimization,7,results/budget_approval_s2l_high/qwen3-coder-30b-a3b_default/rollouts/gepa_seed1_best_best_config,results/budget_approval_s2l_high/qwen3-coder-30b-a3b_default/rollouts/gepa_seed1_best_best_config/run.json,results/budget_approval_s2l_high/qwen3-coder-30b-a3b_default/rollouts/gepa_seed1_best_best_config/eval_results.yaml,300,180,0.736111111111111,0.7021825396825396
budget_approval_s2l_high,qwen3-coder-30b-a3b,2,main_final_seed_pool,True,gepa_seed2_best,generated/baseline_batches/20260521_post_gepa_from_20260519_121530,12,results/budget_approval_s2l_high/qwen3-coder-30b-a3b_default/rollouts/gepa_seed2_best_best_config,results/budget_approval_s2l_high/qwen3-coder-30b-a3b_default/rollouts/gepa_seed2_best_best_config/run.json,results/budget_approval_s2l_high/qwen3-coder-30b-a3b_default/rollouts/gepa_seed2_best_best_config/eval_results.yaml,300,180,0.7873015873015874,0.7587301587301588
machine_operating_s2l,gemma-4-26b-a4b,0,main_final_seed_pool,True,gepa_seed0_best,generated/baseline_batches/20260511_post_gepa_from_20260509_101808,6,results/machine_operating_s2l/gemma-4-26b-a4b_default/rollouts/gepa_seed0_best_best_config,results/machine_operating_s2l/gemma-4-26b-a4b_default/rollouts/gepa_seed0_best_best_config/run.json,results/machine_operating_s2l/gemma-4-26b-a4b_default/rollouts/gepa_seed0_best_best_config/eval_results.yaml,300,180,0.9666666666666667,1.0
machine_operating_s2l,gemma-4-26b-a4b,1,main_final_seed_pool,True,gepa_seed1_best,generated/baseline_batches/20260514_selected_post_gepa_best_configs_corrected,14,results/machine_operating_s2l/gemma-4-26b-a4b_default/rollouts/gepa_seed1_best_best_config,results/machine_operating_s2l/gemma-4-26b-a4b_default/rollouts/gepa_seed1_best_best_config/run.json,results/machine_operating_s2l/gemma-4-26b-a4b_default/rollouts/gepa_seed1_best_best_config/eval_results.yaml,300,180,0.2833333333333333,0.31666666666666665
machine_operating_s2l,gemma-4-26b-a4b,2,main_final_seed_pool,True,gepa_seed2_best,generated/baseline_batches/20260521_post_gepa_from_20260519_121530,4,results/machine_operating_s2l/gemma-4-26b-a4b_default/rollouts/gepa_seed2_best_best_config,results/machine_operating_s2l/gemma-4-26b-a4b_default/rollouts/gepa_seed2_best_best_config/run.json,results/machine_operating_s2l/gemma-4-26b-a4b_default/rollouts/gepa_seed2_best_best_config/eval_results.yaml,300,180,1.0,0.9944444444444445
machine_operating_s2l,ministral-3-8b,0,main_final_seed_pool,True,gepa_seed0_best,generated/baseline_batches/20260502_post_full_resume,12,results/machine_operating_s2l/ministral-3-8b_default/rollouts/gepa_seed0_best_best_config,results/machine_operating_s2l/ministral-3-8b_default/rollouts/gepa_seed0_best_best_config/run.json,results/machine_operating_s2l/ministral-3-8b_default/rollouts/gepa_seed0_best_best_config/eval_results.yaml,300,180,0.0,0.0
machine_operating_s2l,ministral-3-8b,1,main_final_seed_pool,True,gepa_seed1_best,generated/baseline_batches/20260506_post_gepa_from_20260505_091427,13,results/machine_operating_s2l/ministral-3-8b_default/rollouts/gepa_seed1_best_best_config,results/machine_operating_s2l/ministral-3-8b_default/rollouts/gepa_seed1_best_best_config/run.json,results/machine_operating_s2l/ministral-3-8b_default/rollouts/gepa_seed1_best_best_config/eval_results.yaml,300,180,0.0,0.0
machine_operating_s2l,ministral-3-8b,2,main_final_seed_pool,True,gepa_seed2_best,generated/baseline_batches/20260514_selected_post_gepa_best_configs_corrected,9,results/machine_operating_s2l/ministral-3-8b_default/rollouts/gepa_seed2_best_best_config,results/machine_operating_s2l/ministral-3-8b_default/rollouts/gepa_seed2_best_best_config/run.json,results/machine_operating_s2l/ministral-3-8b_default/rollouts/gepa_seed2_best_best_config/eval_results.yaml,300,180,0.0,0.0
machine_operating_s2l,qwen3-coder-30b-a3b,8,main_final_seed_pool,True,gepa_seed8_best,generated/baseline_batches/20260514_selected_post_gepa_best_configs_corrected,3,results/machine_operating_s2l/qwen3-coder-30b-a3b_default/rollouts/gepa_seed8_best_best_config,results/machine_operating_s2l/qwen3-coder-30b-a3b_default/rollouts/gepa_seed8_best_best_config/run.json,results/machine_operating_s2l/qwen3-coder-30b-a3b_default/rollouts/gepa_seed8_best_best_config/eval_results.yaml,300,180,0.9166666666666666,0.9388888888888889
machine_operating_s2l,qwen3-coder-30b-a3b,10,main_final_seed_pool,True,gepa_seed10_best,generated/baseline_batches/20260502_post_full_resume,5,results/machine_operating_s2l/qwen3-coder-30b-a3b_default/rollouts/gepa_seed10_best_best_config,results/machine_operating_s2l/qwen3-coder-30b-a3b_default/rollouts/gepa_seed10_best_best_config/run.json,results/machine_operating_s2l/qwen3-coder-30b-a3b_default/rollouts/gepa_seed10_best_best_config/eval_results.yaml,300,180,0.65,0.5055555555555555
machine_operating_s2l,qwen3-coder-30b-a3b,11,main_final_seed_pool,True,gepa_seed11_best,generated/baseline_batches/20260506_post_gepa_from_20260505_091427,6,results/machine_operating_s2l/qwen3-coder-30b-a3b_default/rollouts/gepa_seed11_best_best_config,results/machine_operating_s2l/qwen3-coder-30b-a3b_default/rollouts/gepa_seed11_best_best_config/run.json,results/machine_operating_s2l/qwen3-coder-30b-a3b_default/rollouts/gepa_seed11_best_best_config/eval_results.yaml,300,180,0.9333333333333333,0.9388888888888889
refactorbench,gemma-4-26b-a4b,0,main_final_seed_pool,True,gepa_seed0_best,generated/baseline_batches/20260511_post_gepa_from_20260509_101808,5,results/refactorbench/gemma-4-26b-a4b_default/rollouts/gepa_seed0_best_best_config,results/refactorbench/gemma-4-26b-a4b_default/rollouts/gepa_seed0_best_best_config/run.json,results/refactorbench/gemma-4-26b-a4b_default/rollouts/gepa_seed0_best_best_config/eval_results.yaml,300,180,0.5333333333333333,0.65
refactorbench,gemma-4-26b-a4b,1,main_final_seed_pool,True,gepa_seed1_best,generated/baseline_batches/20260514_selected_post_gepa_best_configs_corrected,13,results/refactorbench/gemma-4-26b-a4b_default/rollouts/gepa_seed1_best_best_config,results/refactorbench/gemma-4-26b-a4b_default/rollouts/gepa_seed1_best_best_config/run.json,results/refactorbench/gemma-4-26b-a4b_default/rollouts/gepa_seed1_best_best_config/eval_results.yaml,300,180,0.4,0.6166666666666667
refactorbench,gemma-4-26b-a4b,2,main_final_seed_pool,True,gepa_seed2_best,generated/baseline_batches/20260521_post_gepa_from_20260519_121530,3,results/refactorbench/gemma-4-26b-a4b_default/rollouts/gepa_seed2_best_best_config,results/refactorbench/gemma-4-26b-a4b_default/rollouts/gepa_seed2_best_best_config/run.json,results/refactorbench/gemma-4-26b-a4b_default/rollouts/gepa_seed2_best_best_config/eval_results.yaml,300,180,0.5166666666666667,0.6166666666666667
refactorbench,ministral-3-8b,0,main_final_seed_pool,True,gepa_seed0_best,generated/baseline_batches/20260502_post_full_resume,9,results/refactorbench/ministral-3-8b_default/rollouts/gepa_seed0_best_best_config,results/refactorbench/ministral-3-8b_default/rollouts/gepa_seed0_best_best_config/run.json,results/refactorbench/ministral-3-8b_default/rollouts/gepa_seed0_best_best_config/eval_results.yaml,300,180,0.2833333333333333,0.3
refactorbench,ministral-3-8b,1,main_final_seed_pool,True,gepa_seed1_best,generated/baseline_batches/20260506_post_gepa_from_20260505_091427,12,results/refactorbench/ministral-3-8b_default/rollouts/gepa_seed1_best_best_config,results/refactorbench/ministral-3-8b_default/rollouts/gepa_seed1_best_best_config/run.json,results/refactorbench/ministral-3-8b_default/rollouts/gepa_seed1_best_best_config/eval_results.yaml,300,180,0.21666666666666667,0.3333333333333333
refactorbench,ministral-3-8b,2,main_final_seed_pool,True,gepa_seed2_best,generated/baseline_batches/20260514_selected_post_gepa_best_configs_corrected,8,results/refactorbench/ministral-3-8b_default/rollouts/gepa_seed2_best_best_config,results/refactorbench/ministral-3-8b_default/rollouts/gepa_seed2_best_best_config/run.json,results/refactorbench/ministral-3-8b_default/rollouts/gepa_seed2_best_best_config/eval_results.yaml,300,180,0.16666666666666666,0.26666666666666666
refactorbench,qwen3-coder-30b-a3b,13,main_final_seed_pool,True,gepa_seed13_best,generated/baseline_batches/20260514_selected_post_gepa_best_configs_corrected,2,results/refactorbench/qwen3-coder-30b-a3b_default/rollouts/gepa_seed13_best_best_config,results/refactorbench/qwen3-coder-30b-a3b_default/rollouts/gepa_seed13_best_best_config/run.json,results/refactorbench/qwen3-coder-30b-a3b_default/rollouts/gepa_seed13_best_best_config/eval_results.yaml,300,180,0.5333333333333333,0.7222222222222222
refactorbench,qwen3-coder-30b-a3b,14,main_final_seed_pool,True,gepa_seed14_best,generated/baseline_batches/20260502_post_full_resume,2,results/refactorbench/qwen3-coder-30b-a3b_default/rollouts/gepa_seed14_best_best_config,results/refactorbench/qwen3-coder-30b-a3b_default/rollouts/gepa_seed14_best_best_config/run.json,results/refactorbench/qwen3-coder-30b-a3b_default/rollouts/gepa_seed14_best_best_config/eval_results.yaml,300,180,0.5,0.6555555555555556
refactorbench,qwen3-coder-30b-a3b,15,main_final_seed_pool,True,gepa_seed15_best,generated/baseline_batches/20260506_post_gepa_from_20260505_091427,5,results/refactorbench/qwen3-coder-30b-a3b_default/rollouts/gepa_seed15_best_best_config,results/refactorbench/qwen3-coder-30b-a3b_default/rollouts/gepa_seed15_best_best_config/run.json,results/refactorbench/qwen3-coder-30b-a3b_default/rollouts/gepa_seed15_best_best_config/eval_results.yaml,300,180,0.5333333333333333,0.6222222222222222
webarena,gemma-4-26b-a4b,0,main_final_seed_pool,True,gepa_seed0_best,generated/baseline_batches/20260511_post_gepa_from_20260509_101808,3,results/webarena/gemma-4-26b-a4b_shopping_admin/rollouts/gepa_seed0_best_best_config,results/webarena/gemma-4-26b-a4b_shopping_admin/rollouts/gepa_seed0_best_best_config/run.json,results/webarena/gemma-4-26b-a4b_shopping_admin/rollouts/gepa_seed0_best_best_config/eval_results.yaml,150,90,0.4,0.45555555555555555
webarena,gemma-4-26b-a4b,1,main_final_seed_pool,True,gepa_seed1_best,generated/baseline_batches/20260514_selected_post_gepa_best_configs_corrected,12,results/webarena/gemma-4-26b-a4b_shopping_admin/rollouts/gepa_seed1_best_best_config,results/webarena/gemma-4-26b-a4b_shopping_admin/rollouts/gepa_seed1_best_best_config/run.json,results/webarena/gemma-4-26b-a4b_shopping_admin/rollouts/gepa_seed1_best_best_config/eval_results.yaml,150,90,0.3333333333333333,0.36666666666666664
webarena,gemma-4-26b-a4b,2,main_final_seed_pool,True,gepa_seed2_best,generated/baseline_batches/20260521_post_gepa_from_20260519_121530,2,results/webarena/gemma-4-26b-a4b_shopping_admin/rollouts/gepa_seed2_best_best_config,results/webarena/gemma-4-26b-a4b_shopping_admin/rollouts/gepa_seed2_best_best_config/run.json,results/webarena/gemma-4-26b-a4b_shopping_admin/rollouts/gepa_seed2_best_best_config/eval_results.yaml,150,90,0.4,0.5222222222222223
webarena,ministral-3-8b,2,main_final_seed_pool,True,gepa_seed2_best,generated/baseline_batches/20260502_post_full_resume,8,results/webarena/ministral-3-8b_shopping_admin/rollouts/gepa_seed2_best_best_config,results/webarena/ministral-3-8b_shopping_admin/rollouts/gepa_seed2_best_best_config/run.json,results/webarena/ministral-3-8b_shopping_admin/rollouts/gepa_seed2_best_best_config/eval_results.yaml,150,90,0.13333333333333333,0.05555555555555555
webarena,ministral-3-8b,3,main_final_seed_pool,True,gepa_seed3_best,generated/baseline_batches/20260506_post_gepa_from_20260505_091427,10,results/webarena/ministral-3-8b_shopping_admin/rollouts/gepa_seed3_best_best_config,results/webarena/ministral-3-8b_shopping_admin/rollouts/gepa_seed3_best_best_config/run.json,results/webarena/ministral-3-8b_shopping_admin/rollouts/gepa_seed3_best_best_config/eval_results.yaml,150,90,0.06666666666666667,0.03333333333333333
webarena,ministral-3-8b,4,main_final_seed_pool,True,gepa_seed4_best,generated/baseline_batches/20260514_selected_post_gepa_best_configs_corrected,7,results/webarena/ministral-3-8b_shopping_admin/rollouts/gepa_seed4_best_best_config,results/webarena/ministral-3-8b_shopping_admin/rollouts/gepa_seed4_best_best_config/run.json,results/webarena/ministral-3-8b_shopping_admin/rollouts/gepa_seed4_best_best_config/eval_results.yaml,150,90,0.03333333333333333,0.07777777777777778
webarena,qwen3-coder-30b-a3b,4,main_final_seed_pool,True,gepa_seed4_best,generated/baseline_batches/20260514_selected_post_gepa_best_configs_corrected,1,results/webarena/qwen3-coder-30b-a3b_shopping_admin/rollouts/gepa_seed4_best_best_config,results/webarena/qwen3-coder-30b-a3b_shopping_admin/rollouts/gepa_seed4_best_best_config/run.json,results/webarena/qwen3-coder-30b-a3b_shopping_admin/rollouts/gepa_seed4_best_best_config/eval_results.yaml,150,90,0.3333333333333333,0.2777777777777778
webarena,qwen3-coder-30b-a3b,5,main_final_seed_pool,True,gepa_seed5_best,generated/baseline_batches/20260502_post_full_resume,1,results/webarena/qwen3-coder-30b-a3b_shopping_admin/rollouts/gepa_seed5_best_best_config,results/webarena/qwen3-coder-30b-a3b_shopping_admin/rollouts/gepa_seed5_best_best_config/run.json,results/webarena/qwen3-coder-30b-a3b_shopping_admin/rollouts/gepa_seed5_best_best_config/eval_results.yaml,150,90,0.43333333333333335,0.24444444444444444
webarena,qwen3-coder-30b-a3b,6,main_final_seed_pool,True,gepa_seed6_best,generated/baseline_batches/20260506_post_gepa_from_20260505_091427,3,results/webarena/qwen3-coder-30b-a3b_shopping_admin/rollouts/gepa_seed6_best_best_config,results/webarena/qwen3-coder-30b-a3b_shopping_admin/rollouts/gepa_seed6_best_best_config/run.json,results/webarena/qwen3-coder-30b-a3b_shopping_admin/rollouts/gepa_seed6_best_best_config/eval_results.yaml,150,90,0.36666666666666664,0.14444444444444443
webtest,gemma-4-26b-a4b,0,main_final_seed_pool,True,gepa_seed0_best,generated/baseline_batches/20260511_post_gepa_from_20260509_101808,1,results/webtest/gemma-4-26b-a4b_static/rollouts/gepa_seed0_best_best_config,results/webtest/gemma-4-26b-a4b_static/rollouts/gepa_seed0_best_best_config/run.json,results/webtest/gemma-4-26b-a4b_static/rollouts/gepa_seed0_best_best_config/eval_results.yaml,300,180,0.7033333333333334,0.7846296296296296
webtest,gemma-4-26b-a4b,1,main_final_seed_pool,True,gepa_seed1_best,generated/baseline_batches/20260514_selected_post_gepa_best_configs_corrected,11,results/webtest/gemma-4-26b-a4b_static/rollouts/gepa_seed1_best_best_config,results/webtest/gemma-4-26b-a4b_static/rollouts/gepa_seed1_best_best_config/run.json,results/webtest/gemma-4-26b-a4b_static/rollouts/gepa_seed1_best_best_config/eval_results.yaml,300,180,0.35,0.31925925925925924
webtest,gemma-4-26b-a4b,2,main_final_seed_pool,True,gepa_seed2_best,generated/baseline_batches/20260521_post_gepa_from_20260519_121530,1,results/webtest/gemma-4-26b-a4b_static/rollouts/gepa_seed2_best_best_config,results/webtest/gemma-4-26b-a4b_static/rollouts/gepa_seed2_best_best_config/run.json,results/webtest/gemma-4-26b-a4b_static/rollouts/gepa_seed2_best_best_config/eval_results.yaml,300,180,0.9666666666666667,0.981111111111111
webtest,ministral-3-8b,4,main_final_seed_pool,True,gepa_seed4_best,generated/baseline_batches/20260502_post_full_resume,7,results/webtest/ministral-3-8b_static/rollouts/gepa_seed4_best_best_config,results/webtest/ministral-3-8b_static/rollouts/gepa_seed4_best_best_config/run.json,results/webtest/ministral-3-8b_static/rollouts/gepa_seed4_best_best_config/eval_results.yaml,300,180,0.045000000000000005,0.08898148148148148
webtest,ministral-3-8b,5,main_final_seed_pool,True,gepa_seed5_best,generated/baseline_batches/20260506_post_gepa_from_20260505_091427,8,results/webtest/ministral-3-8b_static/rollouts/gepa_seed5_best_best_config,results/webtest/ministral-3-8b_static/rollouts/gepa_seed5_best_best_config/run.json,results/webtest/ministral-3-8b_static/rollouts/gepa_seed5_best_best_config/eval_results.yaml,300,180,0.16185185185185183,0.22317610630110632
webtest,ministral-3-8b,6,main_final_seed_pool,True,gepa_seed6_best,generated/baseline_batches/20260514_selected_post_gepa_best_configs_corrected,6,results/webtest/ministral-3-8b_static/rollouts/gepa_seed6_best_best_config,results/webtest/ministral-3-8b_static/rollouts/gepa_seed6_best_best_config/run.json,results/webtest/ministral-3-8b_static/rollouts/gepa_seed6_best_best_config/eval_results.yaml,300,180,0.10694444444444445,0.1171448296667595
webtest,qwen3-coder-30b-a3b,8,main_final_seed_pool,True,gepa_seed8_best,generated/baseline_batches/20260514_selected_post_gepa_best_configs_corrected,0,results/webtest/qwen3-coder-30b-a3b_static/rollouts/gepa_seed8_best_best_config,results/webtest/qwen3-coder-30b-a3b_static/rollouts/gepa_seed8_best_best_config/run.json,results/webtest/qwen3-coder-30b-a3b_static/rollouts/gepa_seed8_best_best_config/eval_results.yaml,300,180,0.7856349206349207,0.9040773115773116
webtest,qwen3-coder-30b-a3b,9,main_final_seed_pool,True,gepa_seed9_best,generated/baseline_batches/20260502_post_full_resume,0,results/webtest/qwen3-coder-30b-a3b_static/rollouts/gepa_seed9_best_best_config,results/webtest/qwen3-coder-30b-a3b_static/rollouts/gepa_seed9_best_best_config/run.json,results/webtest/qwen3-coder-30b-a3b_static/rollouts/gepa_seed9_best_best_config/eval_results.yaml,300,180,0.8266666666666667,0.8394612794612795
webtest,qwen3-coder-30b-a3b,10,main_final_seed_pool,True,gepa_seed10_best,generated/baseline_batches/20260506_post_gepa_from_20260505_091427,1,results/webtest/qwen3-coder-30b-a3b_static/rollouts/gepa_seed10_best_best_config,results/webtest/qwen3-coder-30b-a3b_static/rollouts/gepa_seed10_best_best_config/run.json,results/webtest/qwen3-coder-30b-a3b_static/rollouts/gepa_seed10_best_best_config/eval_results.yaml,300,180,0.8966666666666666,0.9355555555555556
woocommerce_stock_alert_s2l,gemma-4-26b-a4b,0,main_final_seed_pool,True,gepa_seed0_best,generated/baseline_batches/20260511_post_gepa_from_20260509_101808,0,results/woocommerce_stock_alert_s2l/gemma-4-26b-a4b_default/rollouts/gepa_seed0_best_best_config,results/woocommerce_stock_alert_s2l/gemma-4-26b-a4b_default/rollouts/gepa_seed0_best_best_config/run.json,results/woocommerce_stock_alert_s2l/gemma-4-26b-a4b_default/rollouts/gepa_seed0_best_best_config/eval_results.yaml,300,180,0.0,0.1111111111111111
woocommerce_stock_alert_s2l,gemma-4-26b-a4b,1,main_final_seed_pool,True,gepa_seed1_best,generated/baseline_batches/20260514_selected_post_gepa_best_configs_corrected,10,results/woocommerce_stock_alert_s2l/gemma-4-26b-a4b_default/rollouts/gepa_seed1_best_best_config,results/woocommerce_stock_alert_s2l/gemma-4-26b-a4b_default/rollouts/gepa_seed1_best_best_config/run.json,results/woocommerce_stock_alert_s2l/gemma-4-26b-a4b_default/rollouts/gepa_seed1_best_best_config/eval_results.yaml,300,180,0.48333333333333334,0.4666666666666667
woocommerce_stock_alert_s2l,gemma-4-26b-a4b,2,main_final_seed_pool,True,gepa_seed2_best,generated/baseline_batches/20260521_post_gepa_from_20260519_121530,0,results/woocommerce_stock_alert_s2l/gemma-4-26b-a4b_default/rollouts/gepa_seed2_best_best_config,results/woocommerce_stock_alert_s2l/gemma-4-26b-a4b_default/rollouts/gepa_seed2_best_best_config/run.json,results/woocommerce_stock_alert_s2l/gemma-4-26b-a4b_default/rollouts/gepa_seed2_best_best_config/eval_results.yaml,300,180,0.6333333333333333,0.5888888888888889
woocommerce_stock_alert_s2l,ministral-3-8b,0,main_final_seed_pool,True,gepa_seed0_best,generated/baseline_batches/20260503_mixed_post_gepa_plus_baselines,0,results/woocommerce_stock_alert_s2l/ministral-3-8b_default/rollouts/gepa_seed0_best_best_config,results/woocommerce_stock_alert_s2l/ministral-3-8b_default/rollouts/gepa_seed0_best_best_config/run.json,results/woocommerce_stock_alert_s2l/ministral-3-8b_default/rollouts/gepa_seed0_best_best_config/eval_results.yaml,300,180,0.0,0.0
woocommerce_stock_alert_s2l,ministral-3-8b,1,main_final_seed_pool,True,gepa_seed1_best,generated/baseline_batches/20260506_post_gepa_from_20260505_091427,7,results/woocommerce_stock_alert_s2l/ministral-3-8b_default/rollouts/gepa_seed1_best_best_config,results/woocommerce_stock_alert_s2l/ministral-3-8b_default/rollouts/gepa_seed1_best_best_config/run.json,results/woocommerce_stock_alert_s2l/ministral-3-8b_default/rollouts/gepa_seed1_best_best_config/eval_results.yaml,300,180,0.0,0.0
woocommerce_stock_alert_s2l,ministral-3-8b,2,main_final_seed_pool,True,gepa_seed2_best,generated/baseline_batches/20260514_selected_post_gepa_best_configs_corrected,5,results/woocommerce_stock_alert_s2l/ministral-3-8b_default/rollouts/gepa_seed2_best_best_config,results/woocommerce_stock_alert_s2l/ministral-3-8b_default/rollouts/gepa_seed2_best_best_config/run.json,results/woocommerce_stock_alert_s2l/ministral-3-8b_default/rollouts/gepa_seed2_best_best_config/eval_results.yaml,300,180,0.0,0.0
woocommerce_stock_alert_s2l,qwen3-coder-30b-a3b,2,main_final_seed_pool,True,gepa_seed2_best,generated/baseline_batches/20260514_selected_post_gepa_best_configs_corrected,4,results/woocommerce_stock_alert_s2l/qwen3-coder-30b-a3b_default/rollouts/gepa_seed2_best_best_config,results/woocommerce_stock_alert_s2l/qwen3-coder-30b-a3b_default/rollouts/gepa_seed2_best_best_config/run.json,results/woocommerce_stock_alert_s2l/qwen3-coder-30b-a3b_default/rollouts/gepa_seed2_best_best_config/eval_results.yaml,300,180,1.0,0.9666666666666667
woocommerce_stock_alert_s2l,qwen3-coder-30b-a3b,5,main_final_seed_pool,True,gepa_seed5_best,generated/baseline_batches/20260502_post_full_resume,6,results/woocommerce_stock_alert_s2l/qwen3-coder-30b-a3b_default/rollouts/gepa_seed5_best_best_config,results/woocommerce_stock_alert_s2l/qwen3-coder-30b-a3b_default/rollouts/gepa_seed5_best_best_config/run.json,results/woocommerce_stock_alert_s2l/qwen3-coder-30b-a3b_default/rollouts/gepa_seed5_best_best_config/eval_results.yaml,300,180,0.7166666666666667,0.65
woocommerce_stock_alert_s2l,qwen3-coder-30b-a3b,6,main_final_seed_pool,True,gepa_seed6_best,generated/baseline_batches/20260506_post_gepa_from_20260505_091427,0,results/woocommerce_stock_alert_s2l/qwen3-coder-30b-a3b_default/rollouts/gepa_seed6_best_best_config,results/woocommerce_stock_alert_s2l/qwen3-coder-30b-a3b_default/rollouts/gepa_seed6_best_best_config/run.json,results/woocommerce_stock_alert_s2l/qwen3-coder-30b-a3b_default/rollouts/gepa_seed6_best_best_config/eval_results.yaml,300,180,0.5166666666666667,0.4444444444444444
